{
    "rmse": 0.35128245565911065,
    "mae": 0.28618221063124044,
    "r2": 0.5059345992005795
}