{
    "rmse": 0.7223545430067154,
    "mae": 0.5770808834283164,
    "r2": 0.29101384448868395
}